/princeton.html /princeton 301
/plano.html /plano 301
/scottsdale.html /scottsdale 301
/raleigh.html /raleigh 301
/austin.html /austin 301
/denver.html /denver 301
/tampa.html /tampa 301
/nashville.html /nashville 301
/phoenix.html /phoenix 301
/portland.html /portland 301
/charlotte.html /charlotte 301
/san-diego.html /san-diego 301
/las-vegas.html /las-vegas 301
/miami.html /miami 301
/seattle.html /seattle 301
/atlanta.html /atlanta 301
/minneapolis.html /minneapolis 301
/orlando.html /orlando 301